Id;name
0;0 (Directed) 1
1;1 (Directed) 2
2;2 (Directed) 3
3;2 (Directed) 4
4;4 (Directed) 5
5;5 (Directed) 0
6;5 (Directed) 6
7;0 (Directed) 6
13;0 (Directed) 13
16;13 (Directed) 15
17;13 (Directed) 16
18;11 (Directed) 17
19;11 (Directed) 18
20;18 (Directed) 19
21;19 (Directed) 20
22;0 (Directed) 21
23;11 (Directed) 21
24;21 (Directed) 22
25;21 (Directed) 23
26;21 (Directed) 24
27;21 (Directed) 25
29;14 (Directed) 26
30;26 (Directed) 27
31;26 (Directed) 28
32;26 (Directed) 29
33;26 (Directed) 30
34;26 (Directed) 31
35;26 (Directed) 32
36;26 (Directed) 33
37;26 (Directed) 34
38;26 (Directed) 35
39;26 (Directed) 36
40;36 (Directed) 37
41;14 (Directed) 38
43;38 (Directed) 39
44;38 (Directed) 40
45;38 (Directed) 41
46;38 (Directed) 42
47;38 (Directed) 43
48;38 (Directed) 44
49;38 (Directed) 45
50;38 (Directed) 46
51;38 (Directed) 47
52;38 (Directed) 48
53;38 (Directed) 49
54;38 (Directed) 50
55;38 (Directed) 51
56;38 (Directed) 52
57;38 (Directed) 53
58;38 (Directed) 54
59;38 (Directed) 55
60;38 (Directed) 56
61;38 (Directed) 57
62;38 (Directed) 58
63;38 (Directed) 59
64;60 (Directed) 9
65;8 (Directed) 60
66;40 (Directed) 8
67;40 (Directed) 9
68;8 (Directed) 61
69;9 (Directed) 62
70;12 (Directed) 63
71;63 (Directed) 64
72;13 (Directed) 63
73;63 (Directed) 65
74;63 (Directed) 66
75;63 (Directed) 67
76;14 (Directed) 68
77;14 (Directed) 69
78;14 (Directed) 70
79;63 (Directed) 71
80;63 (Directed) 72
81;63 (Directed) 73
82;63 (Directed) 74
83;63 (Directed) 75
84;63 (Directed) 76
85;63 (Directed) 77
86;63 (Directed) 78
87;63 (Directed) 79
88;63 (Directed) 80
89;63 (Directed) 81
90;63 (Directed) 82
91;72 (Directed) 64
92;74 (Directed) 65
93;75 (Directed) 66
94;71 (Directed) 72
95;71 (Directed) 73
96;71 (Directed) 74
97;71 (Directed) 75
98;71 (Directed) 76
99;71 (Directed) 77
100;71 (Directed) 78
101;71 (Directed) 79
102;71 (Directed) 80
103;71 (Directed) 63
104;72 (Directed) 63
105;72 (Directed) 73
106;72 (Directed) 74
107;72 (Directed) 75
108;72 (Directed) 76
109;72 (Directed) 77
110;72 (Directed) 78
111;72 (Directed) 79
112;72 (Directed) 80
113;72 (Directed) 83
114;73 (Directed) 84
115;73 (Directed) 80
116;73 (Directed) 79
117;73 (Directed) 78
118;73 (Directed) 77
119;73 (Directed) 76
120;73 (Directed) 75
121;73 (Directed) 74
122;73 (Directed) 72
123;73 (Directed) 71
124;73 (Directed) 63
125;72 (Directed) 71
126;74 (Directed) 71
127;74 (Directed) 72
128;74 (Directed) 73
129;74 (Directed) 75
130;74 (Directed) 76
131;74 (Directed) 77
132;74 (Directed) 78
133;74 (Directed) 79
134;74 (Directed) 80
135;74 (Directed) 63
136;74 (Directed) 85
137;75 (Directed) 71
138;75 (Directed) 72
139;75 (Directed) 73
140;75 (Directed) 74
141;75 (Directed) 76
142;75 (Directed) 77
143;75 (Directed) 78
144;75 (Directed) 79
145;75 (Directed) 80
146;75 (Directed) 63
147;75 (Directed) 86
148;76 (Directed) 63
149;76 (Directed) 71
150;76 (Directed) 72
151;76 (Directed) 73
152;76 (Directed) 74
153;76 (Directed) 75
154;76 (Directed) 77
155;76 (Directed) 78
156;76 (Directed) 79
157;76 (Directed) 80
158;76 (Directed) 87
159;77 (Directed) 63
160;77 (Directed) 71
161;77 (Directed) 72
162;77 (Directed) 73
163;77 (Directed) 74
164;77 (Directed) 75
165;77 (Directed) 76
166;77 (Directed) 78
167;77 (Directed) 79
168;77 (Directed) 80
169;78 (Directed) 63
170;78 (Directed) 71
171;78 (Directed) 72
172;78 (Directed) 73
173;78 (Directed) 74
174;78 (Directed) 75
175;78 (Directed) 76
176;78 (Directed) 77
177;78 (Directed) 79
178;78 (Directed) 80
179;79 (Directed) 63
180;79 (Directed) 71
181;79 (Directed) 72
182;79 (Directed) 73
183;79 (Directed) 74
184;79 (Directed) 75
185;79 (Directed) 76
186;79 (Directed) 77
187;79 (Directed) 78
188;79 (Directed) 80
189;79 (Directed) 88
190;80 (Directed) 63
191;80 (Directed) 71
192;80 (Directed) 72
193;80 (Directed) 73
194;80 (Directed) 74
195;80 (Directed) 75
196;80 (Directed) 76
197;80 (Directed) 77
198;80 (Directed) 78
199;80 (Directed) 79
200;80 (Directed) 81
201;80 (Directed) 82
202;6 (Directed) 89
203;89 (Directed) 7
204;6 (Directed) 90
205;6 (Directed) 91
206;6 (Directed) 92
207;92 (Directed) 12
208;92 (Directed) 93
209;92 (Directed) 94
210;92 (Directed) 95
211;92 (Directed) 96
212;92 (Directed) 97
213;92 (Directed) 98
214;92 (Directed) 99
215;92 (Directed) 100
216;92 (Directed) 101
217;92 (Directed) 102
218;92 (Directed) 103
219;92 (Directed) 104
220;92 (Directed) 105
221;92 (Directed) 106
222;92 (Directed) 107
223;92 (Directed) 108
224;12 (Directed) 89
225;12 (Directed) 90
226;12 (Directed) 91
227;12 (Directed) 6
228;93 (Directed) 6
229;93 (Directed) 89
230;93 (Directed) 90
231;93 (Directed) 91
232;94 (Directed) 6
233;94 (Directed) 89
234;94 (Directed) 90
235;94 (Directed) 91
236;95 (Directed) 6
237;95 (Directed) 89
238;95 (Directed) 90
239;95 (Directed) 91
240;96 (Directed) 6
241;96 (Directed) 89
242;96 (Directed) 90
243;96 (Directed) 91
244;97 (Directed) 6
245;97 (Directed) 89
246;97 (Directed) 90
247;97 (Directed) 91
248;98 (Directed) 6
249;98 (Directed) 89
250;98 (Directed) 90
251;98 (Directed) 91
252;99 (Directed) 6
253;99 (Directed) 89
254;99 (Directed) 90
255;99 (Directed) 91
256;100 (Directed) 6
257;100 (Directed) 89
258;100 (Directed) 90
259;100 (Directed) 91
260;101 (Directed) 6
261;101 (Directed) 89
262;101 (Directed) 90
263;101 (Directed) 91
264;102 (Directed) 6
265;102 (Directed) 89
266;102 (Directed) 90
267;102 (Directed) 91
268;103 (Directed) 6
269;103 (Directed) 89
270;103 (Directed) 90
271;103 (Directed) 91
272;104 (Directed) 6
273;104 (Directed) 89
274;104 (Directed) 90
275;104 (Directed) 91
276;105 (Directed) 6
277;105 (Directed) 89
278;105 (Directed) 90
279;105 (Directed) 91
280;106 (Directed) 6
282;106 (Directed) 89
283;106 (Directed) 90
284;106 (Directed) 91
285;107 (Directed) 6
286;107 (Directed) 89
287;107 (Directed) 90
288;107 (Directed) 91
289;108 (Directed) 6
290;108 (Directed) 89
291;108 (Directed) 90
292;108 (Directed) 91
293;109 (Directed) 6
294;109 (Directed) 89
295;109 (Directed) 90
296;109 (Directed) 91
297;110 (Directed) 91
298;110 (Directed) 90
299;110 (Directed) 89
300;110 (Directed) 6
301;111 (Directed) 6
302;111 (Directed) 89
303;111 (Directed) 90
304;111 (Directed) 91
305;112 (Directed) 91
306;112 (Directed) 90
307;112 (Directed) 89
308;112 (Directed) 6
309;113 (Directed) 6
310;113 (Directed) 89
311;113 (Directed) 90
312;113 (Directed) 91
313;114 (Directed) 91
314;114 (Directed) 90
315;114 (Directed) 89
316;114 (Directed) 6
317;115 (Directed) 6
318;115 (Directed) 89
319;115 (Directed) 90
320;115 (Directed) 91
321;116 (Directed) 91
322;116 (Directed) 90
323;116 (Directed) 89
324;116 (Directed) 6
325;117 (Directed) 6
326;117 (Directed) 89
327;117 (Directed) 90
328;117 (Directed) 91
329;118 (Directed) 91
330;118 (Directed) 90
331;118 (Directed) 89
332;118 (Directed) 6
333;7 (Directed) 6
334;7 (Directed) 89
335;7 (Directed) 90
336;7 (Directed) 91
337;119 (Directed) 91
338;119 (Directed) 90
339;119 (Directed) 89
340;119 (Directed) 6
341;120 (Directed) 6
342;120 (Directed) 89
343;120 (Directed) 90
344;120 (Directed) 91
345;121 (Directed) 91
346;121 (Directed) 90
347;121 (Directed) 89
348;121 (Directed) 6
349;122 (Directed) 6
350;122 (Directed) 89
351;122 (Directed) 90
352;122 (Directed) 91
353;123 (Directed) 91
354;123 (Directed) 90
355;123 (Directed) 89
356;123 (Directed) 6
357;124 (Directed) 6
358;124 (Directed) 89
359;124 (Directed) 90
360;124 (Directed) 91
361;125 (Directed) 91
362;125 (Directed) 90
363;125 (Directed) 89
364;125 (Directed) 6
365;126 (Directed) 6
366;126 (Directed) 89
367;126 (Directed) 90
368;126 (Directed) 91
369;127 (Directed) 91
370;127 (Directed) 90
371;127 (Directed) 89
372;127 (Directed) 6
373;128 (Directed) 6
374;128 (Directed) 89
375;128 (Directed) 90
376;128 (Directed) 91
377;129 (Directed) 91
378;129 (Directed) 90
379;129 (Directed) 89
380;129 (Directed) 6
381;130 (Directed) 6
382;130 (Directed) 89
383;130 (Directed) 90
384;130 (Directed) 91
385;131 (Directed) 91
386;131 (Directed) 90
387;131 (Directed) 89
388;131 (Directed) 6
389;132 (Directed) 6
390;132 (Directed) 89
391;132 (Directed) 90
392;132 (Directed) 91
393;133 (Directed) 91
394;133 (Directed) 90
395;133 (Directed) 89
396;133 (Directed) 6
397;89 (Directed) 90
398;89 (Directed) 91
399;90 (Directed) 91
400;90 (Directed) 89
401;90 (Directed) 6
402;91 (Directed) 6
403;91 (Directed) 89
404;91 (Directed) 90
405;6 (Directed) 134
409;13 (Directed) 137
410;13 (Directed) 138
411;137 (Directed) 135
412;137 (Directed) 14
413;137 (Directed) 11
414;135 (Directed) 137
415;135 (Directed) 136
416;138 (Directed) 139
417;138 (Directed) 140
418;138 (Directed) 141
419;139 (Directed) 138
420;140 (Directed) 138
421;141 (Directed) 138
422;138 (Directed) 137
423;138 (Directed) 15
424;138 (Directed) 16
425;137 (Directed) 16
426;137 (Directed) 15
427;137 (Directed) 138
428;16 (Directed) 138
429;16 (Directed) 137
430;16 (Directed) 15
431;16 (Directed) 142
432;15 (Directed) 143
433;15 (Directed) 144
434;15 (Directed) 145
435;15 (Directed) 146
436;15 (Directed) 147
437;15 (Directed) 148
438;15 (Directed) 149
439;15 (Directed) 150
440;15 (Directed) 151
441;15 (Directed) 152
442;15 (Directed) 153
443;15 (Directed) 154
444;143 (Directed) 15
445;144 (Directed) 15
446;145 (Directed) 15
447;146 (Directed) 15
448;147 (Directed) 15
449;148 (Directed) 15
450;149 (Directed) 15
451;150 (Directed) 15
452;151 (Directed) 15
453;152 (Directed) 15
454;153 (Directed) 15
455;154 (Directed) 15
456;149 (Directed) 38
457;25 (Directed) 37
458;37 (Directed) 155
459;21 (Directed) 157
460;37 (Directed) 158
461;37 (Directed) 159
462;37 (Directed) 160
463;37 (Directed) 161
464;37 (Directed) 162
465;37 (Directed) 163
466;37 (Directed) 164
467;37 (Directed) 165
468;158 (Directed) 37
469;158 (Directed) 159
470;158 (Directed) 160
471;158 (Directed) 161
472;158 (Directed) 162
473;158 (Directed) 163
474;158 (Directed) 164
475;158 (Directed) 165
476;159 (Directed) 165
477;159 (Directed) 164
478;159 (Directed) 163
479;159 (Directed) 162
480;159 (Directed) 161
481;159 (Directed) 160
482;159 (Directed) 158
483;159 (Directed) 37
484;160 (Directed) 37
485;160 (Directed) 158
486;160 (Directed) 159
487;160 (Directed) 161
488;160 (Directed) 162
489;160 (Directed) 163
490;160 (Directed) 164
491;160 (Directed) 165
492;161 (Directed) 165
493;161 (Directed) 164
494;161 (Directed) 163
495;161 (Directed) 162
496;161 (Directed) 160
497;161 (Directed) 159
498;161 (Directed) 158
499;161 (Directed) 37
500;162 (Directed) 37
501;162 (Directed) 158
502;162 (Directed) 159
503;162 (Directed) 160
504;162 (Directed) 161
505;162 (Directed) 163
506;162 (Directed) 164
507;162 (Directed) 165
508;163 (Directed) 165
509;163 (Directed) 164
511;163 (Directed) 162
512;163 (Directed) 161
513;163 (Directed) 160
514;163 (Directed) 159
515;163 (Directed) 158
516;163 (Directed) 37
517;164 (Directed) 37
518;164 (Directed) 158
519;164 (Directed) 159
520;164 (Directed) 160
521;164 (Directed) 161
522;164 (Directed) 162
523;164 (Directed) 163
524;164 (Directed) 165
525;165 (Directed) 164
526;165 (Directed) 163
527;165 (Directed) 162
528;165 (Directed) 161
529;165 (Directed) 160
530;165 (Directed) 159
531;165 (Directed) 158
532;165 (Directed) 37
533;64 (Directed) 166
534;64 (Directed) 167
535;64 (Directed) 168
536;64 (Directed) 169
537;64 (Directed) 170
538;64 (Directed) 171
539;64 (Directed) 172
540;166 (Directed) 64
541;166 (Directed) 170
542;166 (Directed) 171
543;166 (Directed) 172
544;167 (Directed) 172
545;167 (Directed) 171
546;167 (Directed) 170
547;167 (Directed) 64
548;168 (Directed) 64
549;168 (Directed) 170
550;168 (Directed) 171
551;168 (Directed) 172
552;169 (Directed) 172
553;169 (Directed) 171
554;169 (Directed) 170
555;169 (Directed) 64
556;170 (Directed) 64
557;170 (Directed) 171
558;170 (Directed) 172
559;170 (Directed) 173
560;173 (Directed) 172
561;173 (Directed) 171
562;173 (Directed) 170
563;173 (Directed) 64
564;171 (Directed) 64
565;171 (Directed) 63
566;171 (Directed) 172
567;171 (Directed) 170
568;65 (Directed) 175
569;175 (Directed) 65
570;175 (Directed) 176
571;175 (Directed) 177
572;175 (Directed) 178
573;175 (Directed) 179
574;175 (Directed) 180
575;175 (Directed) 182
576;175 (Directed) 181
577;176 (Directed) 182
578;176 (Directed) 180
579;176 (Directed) 179
580;176 (Directed) 178
581;176 (Directed) 177
582;176 (Directed) 175
583;176 (Directed) 65
584;177 (Directed) 65
585;177 (Directed) 181
586;176 (Directed) 181
587;177 (Directed) 175
588;177 (Directed) 176
589;177 (Directed) 178
590;177 (Directed) 179
591;177 (Directed) 180
592;177 (Directed) 182
593;178 (Directed) 182
594;178 (Directed) 180
595;178 (Directed) 179
596;178 (Directed) 177
597;178 (Directed) 176
598;178 (Directed) 175
599;178 (Directed) 181
600;178 (Directed) 65
601;179 (Directed) 65
602;179 (Directed) 181
603;179 (Directed) 175
604;179 (Directed) 176
605;179 (Directed) 177
606;179 (Directed) 178
607;179 (Directed) 180
608;179 (Directed) 182
609;180 (Directed) 182
611;180 (Directed) 179
612;180 (Directed) 178
613;180 (Directed) 177
614;180 (Directed) 176
615;180 (Directed) 175
616;180 (Directed) 181
617;180 (Directed) 65
618;181 (Directed) 65
619;181 (Directed) 63
620;181 (Directed) 175
621;181 (Directed) 176
622;181 (Directed) 177
623;181 (Directed) 178
624;181 (Directed) 179
625;181 (Directed) 180
626;181 (Directed) 182
627;182 (Directed) 180
628;182 (Directed) 179
629;182 (Directed) 178
630;182 (Directed) 177
631;182 (Directed) 176
632;182 (Directed) 175
633;182 (Directed) 181
634;182 (Directed) 65
635;66 (Directed) 183
636;66 (Directed) 184
637;66 (Directed) 185
638;66 (Directed) 186
639;66 (Directed) 187
641;66 (Directed) 189
642;66 (Directed) 190
643;66 (Directed) 191
644;66 (Directed) 192
645;66 (Directed) 193
646;66 (Directed) 194
647;155 (Directed) 195
648;155 (Directed) 196
649;155 (Directed) 197
650;155 (Directed) 198
651;195 (Directed) 198
652;195 (Directed) 197
653;195 (Directed) 196
654;195 (Directed) 155
655;196 (Directed) 155
656;196 (Directed) 195
657;196 (Directed) 197
658;196 (Directed) 198
659;197 (Directed) 198
660;197 (Directed) 196
661;197 (Directed) 195
662;197 (Directed) 155
663;198 (Directed) 155
664;198 (Directed) 195
665;198 (Directed) 196
666;198 (Directed) 197
667;198 (Directed) 63
668;198 (Directed) 38
669;198 (Directed) 74
670;155 (Directed) 199
671;199 (Directed) 37
672;200 (Directed) 10
673;200 (Directed) 11
674;200 (Directed) 8
675;7 (Directed) 200
676;199 (Directed) 200
677;201 (Directed) 202
678;201 (Directed) 203
679;201 (Directed) 204
680;201 (Directed) 205
681;19 (Directed) 201
682;202 (Directed) 201
683;202 (Directed) 203
684;202 (Directed) 204
685;202 (Directed) 205
686;203 (Directed) 205
687;203 (Directed) 204
689;203 (Directed) 202
690;203 (Directed) 201
691;204 (Directed) 201
692;204 (Directed) 202
693;204 (Directed) 203
694;204 (Directed) 205
695;205 (Directed) 204
696;205 (Directed) 203
697;205 (Directed) 202
698;205 (Directed) 201
699;204 (Directed) 206
700;204 (Directed) 207
701;204 (Directed) 208
702;204 (Directed) 209
703;204 (Directed) 210
704;204 (Directed) 211
705;204 (Directed) 212
706;204 (Directed) 213
707;206 (Directed) 205
708;206 (Directed) 204
709;206 (Directed) 203
710;206 (Directed) 202
711;206 (Directed) 201
712;207 (Directed) 201
713;207 (Directed) 202
714;207 (Directed) 203
715;207 (Directed) 204
716;207 (Directed) 205
717;208 (Directed) 205
718;208 (Directed) 204
719;208 (Directed) 203
720;208 (Directed) 202
721;208 (Directed) 201
722;209 (Directed) 201
723;209 (Directed) 202
724;209 (Directed) 203
725;209 (Directed) 204
726;209 (Directed) 205
727;210 (Directed) 205
728;210 (Directed) 204
729;210 (Directed) 203
730;210 (Directed) 202
731;210 (Directed) 201
732;211 (Directed) 201
733;211 (Directed) 202
734;211 (Directed) 203
735;211 (Directed) 204
736;211 (Directed) 205
737;212 (Directed) 205
738;212 (Directed) 204
739;212 (Directed) 203
740;212 (Directed) 202
741;212 (Directed) 201
742;213 (Directed) 201
743;213 (Directed) 202
744;213 (Directed) 203
745;213 (Directed) 204
746;213 (Directed) 205
747;203 (Directed) 214
748;214 (Directed) 215
749;137 (Directed) 216
750;216 (Directed) 217
751;216 (Directed) 218
752;216 (Directed) 219
753;216 (Directed) 220
754;216 (Directed) 221
755;216 (Directed) 222
756;216 (Directed) 223
757;217 (Directed) 223
758;217 (Directed) 222
759;217 (Directed) 221
760;217 (Directed) 220
761;217 (Directed) 219
762;217 (Directed) 218
763;217 (Directed) 216
764;218 (Directed) 216
765;218 (Directed) 217
767;218 (Directed) 219
768;218 (Directed) 220
769;218 (Directed) 221
770;218 (Directed) 222
771;218 (Directed) 223
772;219 (Directed) 223
773;219 (Directed) 222
774;219 (Directed) 221
775;219 (Directed) 220
776;219 (Directed) 218
777;219 (Directed) 217
778;219 (Directed) 216
779;220 (Directed) 216
780;220 (Directed) 217
781;220 (Directed) 218
782;220 (Directed) 219
783;220 (Directed) 221
784;220 (Directed) 222
785;220 (Directed) 223
786;221 (Directed) 223
787;221 (Directed) 222
788;221 (Directed) 220
789;221 (Directed) 219
790;221 (Directed) 218
791;221 (Directed) 217
792;221 (Directed) 216
793;222 (Directed) 216
794;222 (Directed) 217
795;222 (Directed) 218
796;222 (Directed) 219
797;222 (Directed) 220
798;222 (Directed) 221
799;222 (Directed) 223
800;223 (Directed) 222
801;223 (Directed) 221
802;223 (Directed) 220
803;223 (Directed) 219
804;223 (Directed) 218
805;223 (Directed) 217
806;223 (Directed) 216
807;216 (Directed) 224
809;216 (Directed) 225
810;216 (Directed) 226
811;216 (Directed) 227
812;216 (Directed) 228
813;216 (Directed) 229
814;216 (Directed) 230
815;216 (Directed) 231
816;216 (Directed) 232
817;216 (Directed) 233
818;216 (Directed) 234
819;216 (Directed) 235
820;216 (Directed) 236
821;216 (Directed) 237
822;216 (Directed) 238
823;216 (Directed) 239
824;216 (Directed) 240
825;216 (Directed) 241
826;216 (Directed) 242
827;216 (Directed) 243
828;216 (Directed) 244
829;224 (Directed) 244
830;224 (Directed) 243
831;224 (Directed) 242
832;224 (Directed) 241
833;224 (Directed) 240
834;224 (Directed) 239
835;224 (Directed) 238
836;224 (Directed) 237
837;224 (Directed) 236
838;224 (Directed) 235
839;224 (Directed) 234
840;224 (Directed) 233
841;224 (Directed) 232
842;224 (Directed) 231
843;224 (Directed) 230
844;224 (Directed) 229
845;224 (Directed) 228
846;224 (Directed) 227
847;224 (Directed) 226
848;224 (Directed) 225
849;225 (Directed) 224
850;225 (Directed) 223
851;225 (Directed) 222
852;225 (Directed) 221
853;225 (Directed) 220
854;225 (Directed) 219
855;225 (Directed) 218
856;225 (Directed) 217
857;225 (Directed) 216
858;226 (Directed) 216
859;226 (Directed) 217
860;226 (Directed) 218
861;226 (Directed) 219
862;226 (Directed) 220
863;226 (Directed) 221
864;226 (Directed) 222
865;226 (Directed) 223
866;226 (Directed) 224
867;227 (Directed) 224
868;227 (Directed) 223
869;227 (Directed) 222
870;227 (Directed) 221
871;227 (Directed) 220
872;227 (Directed) 219
873;227 (Directed) 218
874;227 (Directed) 217
875;227 (Directed) 216
876;228 (Directed) 216
877;228 (Directed) 217
878;228 (Directed) 218
879;228 (Directed) 219
880;228 (Directed) 220
881;228 (Directed) 221
882;228 (Directed) 222
883;228 (Directed) 223
884;228 (Directed) 224
885;229 (Directed) 216
886;229 (Directed) 217
887;229 (Directed) 218
888;229 (Directed) 219
889;229 (Directed) 220
890;229 (Directed) 221
891;229 (Directed) 222
892;229 (Directed) 223
893;229 (Directed) 224
894;230 (Directed) 216
895;230 (Directed) 217
896;230 (Directed) 218
897;230 (Directed) 219
898;230 (Directed) 220
899;230 (Directed) 221
900;230 (Directed) 222
901;230 (Directed) 223
902;230 (Directed) 224
903;231 (Directed) 216
904;231 (Directed) 217
905;231 (Directed) 218
906;231 (Directed) 219
907;231 (Directed) 220
908;231 (Directed) 221
909;231 (Directed) 222
910;231 (Directed) 223
911;231 (Directed) 224
912;232 (Directed) 216
913;232 (Directed) 217
914;232 (Directed) 218
915;232 (Directed) 219
916;232 (Directed) 220
917;232 (Directed) 221
918;232 (Directed) 222
919;232 (Directed) 223
920;232 (Directed) 224
921;233 (Directed) 216
922;233 (Directed) 217
923;233 (Directed) 218
924;233 (Directed) 219
925;233 (Directed) 220
926;233 (Directed) 221
927;233 (Directed) 222
928;233 (Directed) 223
929;233 (Directed) 224
930;234 (Directed) 216
931;234 (Directed) 217
932;234 (Directed) 218
933;234 (Directed) 219
934;234 (Directed) 220
935;234 (Directed) 221
936;234 (Directed) 222
937;234 (Directed) 223
938;234 (Directed) 224
939;235 (Directed) 216
940;235 (Directed) 217
941;235 (Directed) 218
942;235 (Directed) 219
943;235 (Directed) 220
944;235 (Directed) 221
945;235 (Directed) 222
946;235 (Directed) 223
947;235 (Directed) 224
948;236 (Directed) 216
949;236 (Directed) 217
950;236 (Directed) 218
951;236 (Directed) 219
952;236 (Directed) 220
953;236 (Directed) 221
954;236 (Directed) 222
955;236 (Directed) 223
956;236 (Directed) 224
957;237 (Directed) 216
958;237 (Directed) 217
959;237 (Directed) 218
960;237 (Directed) 219
961;237 (Directed) 220
962;237 (Directed) 221
963;237 (Directed) 222
964;237 (Directed) 223
965;237 (Directed) 224
966;238 (Directed) 216
967;238 (Directed) 217
968;238 (Directed) 218
969;238 (Directed) 219
970;238 (Directed) 220
971;238 (Directed) 221
972;238 (Directed) 222
973;238 (Directed) 223
974;238 (Directed) 224
975;239 (Directed) 216
976;239 (Directed) 217
977;239 (Directed) 218
978;239 (Directed) 219
979;239 (Directed) 220
980;239 (Directed) 221
981;239 (Directed) 222
982;239 (Directed) 223
983;239 (Directed) 224
984;240 (Directed) 216
985;240 (Directed) 217
986;240 (Directed) 218
987;240 (Directed) 219
988;240 (Directed) 220
989;240 (Directed) 221
990;240 (Directed) 222
991;240 (Directed) 223
992;240 (Directed) 224
993;241 (Directed) 216
994;241 (Directed) 217
995;241 (Directed) 218
996;241 (Directed) 219
997;241 (Directed) 220
998;241 (Directed) 221
999;241 (Directed) 222
1000;241 (Directed) 223
1001;241 (Directed) 224
1002;242 (Directed) 216
1003;242 (Directed) 217
1004;242 (Directed) 218
1005;242 (Directed) 219
1006;242 (Directed) 220
1007;242 (Directed) 221
1008;242 (Directed) 222
1009;242 (Directed) 223
1010;242 (Directed) 224
1011;243 (Directed) 216
1012;243 (Directed) 217
1013;243 (Directed) 218
1014;243 (Directed) 219
1015;243 (Directed) 220
1016;243 (Directed) 221
1017;243 (Directed) 222
1018;243 (Directed) 223
1019;243 (Directed) 224
1020;244 (Directed) 216
1021;244 (Directed) 217
1022;244 (Directed) 218
1023;244 (Directed) 219
1024;244 (Directed) 220
1025;244 (Directed) 221
1026;244 (Directed) 222
1027;244 (Directed) 223
1028;244 (Directed) 224
1029;223 (Directed) 6
1030;223 (Directed) 200
1031;223 (Directed) 224
1032;222 (Directed) 246
1033;243 (Directed) 21
1034;246 (Directed) 247
1035;246 (Directed) 248
1036;246 (Directed) 249
1037;246 (Directed) 250
1038;246 (Directed) 251
1039;246 (Directed) 252
1040;246 (Directed) 253
1041;246 (Directed) 254
1042;247 (Directed) 254
1043;247 (Directed) 253
1044;247 (Directed) 252
1045;247 (Directed) 251
1046;247 (Directed) 250
1047;247 (Directed) 249
1048;247 (Directed) 248
1049;247 (Directed) 246
1050;248 (Directed) 246
1051;248 (Directed) 247
1052;248 (Directed) 249
1053;248 (Directed) 250
1054;248 (Directed) 251
1055;248 (Directed) 252
1056;248 (Directed) 253
1057;248 (Directed) 254
1058;249 (Directed) 254
1059;249 (Directed) 253
1060;249 (Directed) 252
1061;249 (Directed) 251
1062;249 (Directed) 250
1064;249 (Directed) 248
1065;249 (Directed) 247
1066;249 (Directed) 246
1067;250 (Directed) 246
1068;250 (Directed) 247
1069;250 (Directed) 248
1070;250 (Directed) 249
1071;250 (Directed) 251
1072;250 (Directed) 252
1073;250 (Directed) 253
1074;250 (Directed) 254
1075;251 (Directed) 254
1076;251 (Directed) 253
1077;251 (Directed) 252
1078;251 (Directed) 250
1079;251 (Directed) 249
1080;251 (Directed) 248
1081;251 (Directed) 247
1082;251 (Directed) 246
1083;252 (Directed) 246
1084;252 (Directed) 247
1085;252 (Directed) 248
1086;252 (Directed) 249
1087;252 (Directed) 250
1088;252 (Directed) 251
1089;252 (Directed) 253
1090;252 (Directed) 254
1091;253 (Directed) 254
1092;253 (Directed) 252
1093;253 (Directed) 251
1094;253 (Directed) 250
1095;253 (Directed) 249
1096;253 (Directed) 248
1097;253 (Directed) 247
1098;253 (Directed) 246
1099;254 (Directed) 246
1100;254 (Directed) 247
1101;254 (Directed) 248
1102;254 (Directed) 249
1103;254 (Directed) 250
1104;254 (Directed) 251
1105;254 (Directed) 252
1106;254 (Directed) 253
1107;254 (Directed) 255
1108;255 (Directed) 256
1109;256 (Directed) 257
1110;199 (Directed) 260
1111;257 (Directed) 258
1112;258 (Directed) 259
1113;258 (Directed) 260
1114;258 (Directed) 261
1115;258 (Directed) 262
1116;258 (Directed) 263
1117;259 (Directed) 263
1118;259 (Directed) 262
1119;259 (Directed) 261
1120;259 (Directed) 260
1121;259 (Directed) 258
1122;260 (Directed) 258
1123;260 (Directed) 259
1124;260 (Directed) 261
1125;260 (Directed) 262
1126;260 (Directed) 263
1127;261 (Directed) 263
1128;261 (Directed) 262
1129;261 (Directed) 260
1130;261 (Directed) 259
1131;261 (Directed) 258
1132;262 (Directed) 258
1133;262 (Directed) 259
1134;262 (Directed) 260
1135;262 (Directed) 261
1136;262 (Directed) 263
1137;258 (Directed) 265
1138;265 (Directed) 266
1139;266 (Directed) 263
1140;266 (Directed) 262
1141;266 (Directed) 261
1142;266 (Directed) 260
1143;266 (Directed) 259
1144;266 (Directed) 258
1145;203 (Directed) 267
1146;266 (Directed) 267
1147;267 (Directed) 201
1148;267 (Directed) 202
1149;267 (Directed) 203
1150;267 (Directed) 204
1151;267 (Directed) 205
1152;267 (Directed) 161
1153;267 (Directed) 199
1154;267 (Directed) 268
1155;267 (Directed) 269
1156;269 (Directed) 270
1157;269 (Directed) 271
1158;269 (Directed) 272
1159;270 (Directed) 272
1160;270 (Directed) 271
1161;270 (Directed) 269
1162;270 (Directed) 199
1163;270 (Directed) 260
1164;271 (Directed) 269
1165;271 (Directed) 270
1166;271 (Directed) 272
1167;271 (Directed) 268
1168;272 (Directed) 273
1169;269 (Directed) 62
1170;268 (Directed) 274
1171;274 (Directed) 275
1172;274 (Directed) 276
1173;274 (Directed) 277
1174;274 (Directed) 278
1175;274 (Directed) 279
1176;279 (Directed) 280
1177;279 (Directed) 281
1178;275 (Directed) 274
1179;275 (Directed) 276
1180;275 (Directed) 277
1181;275 (Directed) 278
1182;275 (Directed) 279
1183;276 (Directed) 279
1184;276 (Directed) 278
1185;276 (Directed) 277
1187;276 (Directed) 275
1188;276 (Directed) 274
1189;277 (Directed) 274
1190;277 (Directed) 275
1191;277 (Directed) 276
1192;277 (Directed) 278
1193;277 (Directed) 279
1194;278 (Directed) 279
1195;278 (Directed) 277
1196;278 (Directed) 276
1197;278 (Directed) 275
1198;278 (Directed) 274
1199;279 (Directed) 274
1200;279 (Directed) 275
1201;279 (Directed) 276
1202;279 (Directed) 277
1203;279 (Directed) 278
1204;279 (Directed) 282
1205;11 (Directed) 283
1206;11 (Directed) 284
1207;283 (Directed) 284
1208;285 (Directed) 286
1209;286 (Directed) 287
1210;287 (Directed) 288
1211;288 (Directed) 289
1212;289 (Directed) 290
1213;290 (Directed) 291
1214;291 (Directed) 292
1215;292 (Directed) 293
1216;293 (Directed) 292
1217;293 (Directed) 291
1218;293 (Directed) 290
1219;293 (Directed) 289
1220;293 (Directed) 288
1221;293 (Directed) 287
1222;293 (Directed) 286
1223;293 (Directed) 285
1224;292 (Directed) 291
1225;292 (Directed) 290
1226;292 (Directed) 289
1227;292 (Directed) 288
1228;292 (Directed) 287
1229;292 (Directed) 286
1230;292 (Directed) 285
1231;291 (Directed) 290
1232;291 (Directed) 289
1233;291 (Directed) 288
1234;291 (Directed) 287
1235;291 (Directed) 286
1236;291 (Directed) 285
1237;290 (Directed) 289
1238;290 (Directed) 288
1239;290 (Directed) 287
1240;290 (Directed) 286
1241;290 (Directed) 285
1242;289 (Directed) 285
1243;289 (Directed) 286
1244;289 (Directed) 287
1245;289 (Directed) 288
1246;288 (Directed) 287
1247;288 (Directed) 286
1248;288 (Directed) 285
1249;287 (Directed) 285
1250;287 (Directed) 286
1251;286 (Directed) 285
1252;11 (Directed) 294
1253;17 (Directed) 285
1254;17 (Directed) 200
1255;17 (Directed) 18
1256;17 (Directed) 138
1257;17 (Directed) 137
1258;17 (Directed) 11
1259;17 (Directed) 295
1260;295 (Directed) 21
1261;284 (Directed) 296
1262;296 (Directed) 297
1263;134 (Directed) 298
1264;298 (Directed) 299
1265;299 (Directed) 0
1266;299 (Directed) 300
1267;0 (Directed) 299
1268;300 (Directed) 301
1269;301 (Directed) 302
1270;302 (Directed) 303
1271;302 (Directed) 304
1272;303 (Directed) 304
1273;304 (Directed) 305
1274;7 (Directed) 306
1275;306 (Directed) 298
1276;7 (Directed) 307
1277;307 (Directed) 64
1278;307 (Directed) 308
1279;308 (Directed) 172
1280;172 (Directed) 80
1281;66 (Directed) 309
1282;66 (Directed) 311
1283;311 (Directed) 188
1284;188 (Directed) 312
1285;312 (Directed) 313
1286;312 (Directed) 315
1287;312 (Directed) 316
1288;312 (Directed) 317
1289;312 (Directed) 318
1290;312 (Directed) 319
1291;312 (Directed) 320
1292;312 (Directed) 321
1293;313 (Directed) 321
1294;313 (Directed) 319
1295;313 (Directed) 318
1296;313 (Directed) 317
1297;313 (Directed) 316
1298;313 (Directed) 315
1299;313 (Directed) 312
1300;315 (Directed) 312
1301;315 (Directed) 313
1302;315 (Directed) 316
1303;315 (Directed) 317
1304;315 (Directed) 318
1305;315 (Directed) 319
1306;315 (Directed) 320
1307;315 (Directed) 321
1308;316 (Directed) 321
1309;316 (Directed) 320
1310;316 (Directed) 319
1311;316 (Directed) 318
1312;316 (Directed) 317
1313;316 (Directed) 315
1314;316 (Directed) 313
1315;316 (Directed) 312
1316;317 (Directed) 312
1317;317 (Directed) 313
1318;317 (Directed) 315
1319;317 (Directed) 316
1320;317 (Directed) 318
1321;317 (Directed) 319
1322;317 (Directed) 320
1323;317 (Directed) 321
1324;318 (Directed) 321
1325;318 (Directed) 320
1326;318 (Directed) 319
1327;318 (Directed) 317
1328;318 (Directed) 316
1329;318 (Directed) 315
1330;318 (Directed) 313
1331;318 (Directed) 312
1332;319 (Directed) 312
1333;319 (Directed) 313
1334;319 (Directed) 315
1335;319 (Directed) 316
1336;319 (Directed) 317
1337;319 (Directed) 318
1338;319 (Directed) 320
1339;319 (Directed) 321
1340;320 (Directed) 321
1341;320 (Directed) 319
1342;320 (Directed) 318
1343;320 (Directed) 317
1344;320 (Directed) 316
1345;320 (Directed) 315
1346;320 (Directed) 313
1347;320 (Directed) 312
1348;321 (Directed) 312
1349;321 (Directed) 313
1350;321 (Directed) 315
1351;321 (Directed) 316
1352;321 (Directed) 317
1353;321 (Directed) 318
1354;321 (Directed) 319
1355;321 (Directed) 320
1356;321 (Directed) 182
1357;320 (Directed) 180
1358;319 (Directed) 179
1359;318 (Directed) 178
1360;317 (Directed) 177
1361;316 (Directed) 176
1362;315 (Directed) 175
1363;313 (Directed) 181
1364;312 (Directed) 65
1365;309 (Directed) 310
1366;37 (Directed) 156
1367;6 (Directed) 323
1368;92 (Directed) 323
1369;100 (Directed) 322
1370;323 (Directed) 6
1371;324 (Directed) 6
1372;324 (Directed) 323
1373;323 (Directed) 324
1374;323 (Directed) 14
1375;323 (Directed) 106
1376;323 (Directed) 108
1377;323 (Directed) 107
1378;323 (Directed) 325
1379;323 (Directed) 327
1380;327 (Directed) 328
1381;327 (Directed) 329
1382;327 (Directed) 330
1383;327 (Directed) 331
1384;327 (Directed) 332
1385;327 (Directed) 333
1386;327 (Directed) 334
1387;327 (Directed) 14
1388;327 (Directed) 6
1389;327 (Directed) 323
1390;327 (Directed) 324
1391;327 (Directed) 325
1392;327 (Directed) 335
1393;335 (Directed) 323
1394;335 (Directed) 6
1395;335 (Directed) 14
1396;335 (Directed) 325
1397;335 (Directed) 327
1398;323 (Directed) 336
1399;323 (Directed) 337
1400;323 (Directed) 338
1401;336 (Directed) 37
1402;336 (Directed) 21
1403;336 (Directed) 324
1404;336 (Directed) 323
1405;336 (Directed) 325
1406;336 (Directed) 327
1407;336 (Directed) 6
1408;336 (Directed) 14
1409;336 (Directed) 335
1410;337 (Directed) 341
1411;337 (Directed) 339
1412;337 (Directed) 6
1413;337 (Directed) 323
1414;337 (Directed) 324
1415;337 (Directed) 325
1416;337 (Directed) 327
1417;337 (Directed) 335
1418;341 (Directed) 337
1419;341 (Directed) 6
1420;341 (Directed) 14
1421;341 (Directed) 323
1422;341 (Directed) 324
1423;341 (Directed) 325
1424;341 (Directed) 327
1425;341 (Directed) 335
1426;340 (Directed) 335
1427;340 (Directed) 6
1428;340 (Directed) 14
1429;340 (Directed) 323
1430;340 (Directed) 324
1431;340 (Directed) 325
1432;340 (Directed) 327
1433;340 (Directed) 342
1434;342 (Directed) 6
1435;342 (Directed) 97
1436;342 (Directed) 98
1437;342 (Directed) 99
1438;342 (Directed) 323
1439;342 (Directed) 324
1440;342 (Directed) 325
1441;342 (Directed) 327
1442;342 (Directed) 335
1443;342 (Directed) 14
1444;338 (Directed) 14
1445;6 (Directed) 14
1446;338 (Directed) 200
1447;338 (Directed) 78
1448;323 (Directed) 343
1449;343 (Directed) 6
1450;343 (Directed) 14
1451;343 (Directed) 323
1452;343 (Directed) 324
1453;343 (Directed) 325
1454;343 (Directed) 327
1455;343 (Directed) 335
1456;343 (Directed) 342
1457;325 (Directed) 326
1458;297 (Directed) 344
1459;344 (Directed) 345
1460;305 (Directed) 346
1461;345 (Directed) 346
1462;165 (Directed) 346
1463;347 (Directed) 348
1464;347 (Directed) 349
1465;347 (Directed) 350
1466;349 (Directed) 63
1467;347 (Directed) 351
1468;347 (Directed) 352
1469;351 (Directed) 353
1470;353 (Directed) 252
1471;252 (Directed) 32
1472;25 (Directed) 354
1473;354 (Directed) 21
1474;354 (Directed) 355
1475;354 (Directed) 356
1476;354 (Directed) 357
1477;354 (Directed) 358
1478;354 (Directed) 359
1479;356 (Directed) 360
1480;356 (Directed) 361
1481;356 (Directed) 355
1482;356 (Directed) 359
1483;356 (Directed) 354
1484;356 (Directed) 21
1485;357 (Directed) 21
1486;357 (Directed) 354
1487;357 (Directed) 355
1488;357 (Directed) 356
1489;357 (Directed) 362
1490;362 (Directed) 354
1491;362 (Directed) 21
1492;362 (Directed) 356
1493;362 (Directed) 357
1494;359 (Directed) 354
1495;359 (Directed) 355
1496;359 (Directed) 360
1497;359 (Directed) 21
1498;363 (Directed) 200
1499;363 (Directed) 364
1500;364 (Directed) 200
1501;364 (Directed) 365
1502;364 (Directed) 366
1503;364 (Directed) 367
1504;365 (Directed) 368
1505;365 (Directed) 339
1506;258 (Directed) 369
1507;369 (Directed) 370
1508;370 (Directed) 371
1509;369 (Directed) 259
1510;369 (Directed) 260
1511;369 (Directed) 261
1512;369 (Directed) 262
1513;369 (Directed) 263
1514;10 (Directed) 372
1515;200 (Directed) 372
1516;372 (Directed) 364
1517;8 (Directed) 373
1518;200 (Directed) 373
1519;373 (Directed) 374
1520;379 (Directed) 376
1521;379 (Directed) 377
1522;379 (Directed) 378
1523;376 (Directed) 381
1524;377 (Directed) 381
1525;378 (Directed) 381
1526;376 (Directed) 382
1529;352 (Directed) 376
1530;352 (Directed) 377
1531;352 (Directed) 378
1532;377 (Directed) 382
1533;378 (Directed) 382
1534;382 (Directed) 384
1535;382 (Directed) 386
1536;382 (Directed) 387
1537;384 (Directed) 376
1538;386 (Directed) 377
1539;387 (Directed) 378
1540;388 (Directed) 378
1541;388 (Directed) 387
1542;384 (Directed) 387
1543;386 (Directed) 387
1544;379 (Directed) 388
1545;379 (Directed) 384
1546;379 (Directed) 386
1547;376 (Directed) 389
1548;389 (Directed) 390
1549;376 (Directed) 391
1550;377 (Directed) 393
1551;378 (Directed) 392
1552;387 (Directed) 394
1553;394 (Directed) 389
1554;390 (Directed) 395
1555;199 (Directed) 369
1556;344 (Directed) 396
1557;200 (Directed) 6
1558;200 (Directed) 7
1559;200 (Directed) 397
1560;397 (Directed) 364
1561;397 (Directed) 6
1562;397 (Directed) 7
1563;397 (Directed) 200
1564;397 (Directed) 398
1565;200 (Directed) 398
1566;398 (Directed) 200
1567;398 (Directed) 6
1568;398 (Directed) 7
1569;398 (Directed) 397
1570;302 (Directed) 400
1571;304 (Directed) 400
1572;305 (Directed) 400
1573;399 (Directed) 400
1574;400 (Directed) 399
1575;399 (Directed) 328
1576;328 (Directed) 368
1577;328 (Directed) 400
1578;400 (Directed) 401
1579;401 (Directed) 74
1580;400 (Directed) 402
1581;400 (Directed) 403
1582;401 (Directed) 402
1583;401 (Directed) 403
1584;402 (Directed) 401
1585;402 (Directed) 403
1586;403 (Directed) 402
1587;403 (Directed) 401
1588;400 (Directed) 404
1589;401 (Directed) 404
1590;402 (Directed) 404
1591;403 (Directed) 404
1592;404 (Directed) 401
1593;404 (Directed) 402
1594;404 (Directed) 403
1595;400 (Directed) 405
1596;400 (Directed) 406
1597;405 (Directed) 339
1598;405 (Directed) 406
1599;406 (Directed) 405
1600;400 (Directed) 407
1601;400 (Directed) 408
1602;400 (Directed) 409
1603;400 (Directed) 410
1604;407 (Directed) 408
1605;407 (Directed) 409
1606;407 (Directed) 410
1607;408 (Directed) 410
1608;408 (Directed) 409
1609;408 (Directed) 407
1610;409 (Directed) 407
1611;409 (Directed) 408
1612;409 (Directed) 410
1613;410 (Directed) 409
1614;410 (Directed) 408
1615;410 (Directed) 407
1616;410 (Directed) 411
1617;410 (Directed) 412
1618;411 (Directed) 412
1619;411 (Directed) 410
1620;412 (Directed) 410
1621;412 (Directed) 411
1622;400 (Directed) 412
1623;400 (Directed) 411
1624;410 (Directed) 285
1625;285 (Directed) 413
1626;157 (Directed) 414
1627;291 (Directed) 415
1628;291 (Directed) 416
1629;291 (Directed) 417
1630;400 (Directed) 418
1631;418 (Directed) 410
1632;400 (Directed) 419
1633;400 (Directed) 420
1634;400 (Directed) 421
1635;420 (Directed) 421
1636;420 (Directed) 419
1637;421 (Directed) 419
1638;421 (Directed) 420
1639;421 (Directed) 422
1640;420 (Directed) 422
1641;419 (Directed) 422
1642;422 (Directed) 421
1643;422 (Directed) 420
1644;422 (Directed) 419
1645;400 (Directed) 422
1646;400 (Directed) 423
1647;423 (Directed) 199
1648;400 (Directed) 424
1649;400 (Directed) 425
1650;400 (Directed) 426
1651;400 (Directed) 427
1652;423 (Directed) 427
1653;423 (Directed) 426
1654;423 (Directed) 425
1655;423 (Directed) 424
1656;424 (Directed) 423
1657;424 (Directed) 425
1658;424 (Directed) 426
1659;424 (Directed) 427
1660;425 (Directed) 427
1661;425 (Directed) 426
1662;425 (Directed) 424
1663;425 (Directed) 423
1664;426 (Directed) 423
1665;426 (Directed) 424
1666;426 (Directed) 425
1667;426 (Directed) 427
1668;427 (Directed) 426
1669;427 (Directed) 425
1670;427 (Directed) 424
1671;427 (Directed) 423
1672;400 (Directed) 428
1673;428 (Directed) 266
1674;428 (Directed) 267
1675;429 (Directed) 266
1676;429 (Directed) 428
1677;428 (Directed) 429
1678;400 (Directed) 430
1679;431 (Directed) 430
1680;431 (Directed) 432
1681;430 (Directed) 432
1682;430 (Directed) 431
1683;432 (Directed) 431
1684;432 (Directed) 430
1685;400 (Directed) 431
1686;400 (Directed) 432
1687;432 (Directed) 214
1688;400 (Directed) 433
1689;400 (Directed) 434
1690;433 (Directed) 434
1691;434 (Directed) 433
1692;433 (Directed) 328
1693;434 (Directed) 328
1694;400 (Directed) 435
1695;400 (Directed) 436
1696;400 (Directed) 437
1697;400 (Directed) 438
1698;400 (Directed) 439
1699;435 (Directed) 439
1700;435 (Directed) 438
1701;435 (Directed) 437
1702;435 (Directed) 436
1703;436 (Directed) 435
1704;436 (Directed) 437
1705;436 (Directed) 438
1706;436 (Directed) 439
1707;437 (Directed) 439
1708;437 (Directed) 438
1709;437 (Directed) 436
1710;437 (Directed) 435
1711;438 (Directed) 435
1712;438 (Directed) 436
1713;438 (Directed) 437
1714;438 (Directed) 439
1715;439 (Directed) 438
1716;439 (Directed) 437
1717;439 (Directed) 436
1718;439 (Directed) 435
1719;440 (Directed) 375
1720;375 (Directed) 440
1721;199 (Directed) 440
1722;199 (Directed) 375
1723;199 (Directed) 441
1724;396 (Directed) 442
1726;9 (Directed) 446
1727;446 (Directed) 445
1728;445 (Directed) 447
1730;203 (Directed) 448
1731;201 (Directed) 448
1732;38 (Directed) 201
1733;65 (Directed) 450
1734;8 (Directed) 451
1735;366 (Directed) 447
1736;203 (Directed) 452
1737;450 (Directed) 453
1738;442 (Directed) 454
1739;454 (Directed) 455
1740;201 (Directed) 449
1741;19 (Directed) 456
1742;346 (Directed) 457
1743;395 (Directed) 458
1744;455 (Directed) 459
1746;461 (Directed) 346
1747;461 (Directed) 462
1748;461 (Directed) 354
1749;310 (Directed) 465
1750;310 (Directed) 65
1751;400 (Directed) 466
1752;455 (Directed) 467
1753;199 (Directed) 468
1754;162 (Directed) 469
1755;19 (Directed) 470
1756;368 (Directed) 471
1757;471 (Directed) 472
1758;472 (Directed) 473
1759;473 (Directed) 474
1760;365 (Directed) 473
1761;166 (Directed) 475
1762;183 (Directed) 476
1763;476 (Directed) 477
1764;477 (Directed) 478
1765;478 (Directed) 479
1766;465 (Directed) 183
1767;477 (Directed) 368
1768;479 (Directed) 468
1769;473 (Directed) 480
1770;339 (Directed) 481
1771;339 (Directed) 482
1772;339 (Directed) 483
1773;339 (Directed) 484
1774;484 (Directed) 414
1775;414 (Directed) 485
1776;467 (Directed) 486
1777;288 (Directed) 470
1778;11 (Directed) 487
1779;11 (Directed) 488
1780;400 (Directed) 489
1781;400 (Directed) 490
1782;400 (Directed) 491
1783;400 (Directed) 492
1784;400 (Directed) 493
1805;489 (Directed) 490
1806;489 (Directed) 491
1807;489 (Directed) 492
1808;489 (Directed) 493
1809;490 (Directed) 493
1810;490 (Directed) 492
1811;490 (Directed) 491
1812;490 (Directed) 489
1813;491 (Directed) 489
1814;491 (Directed) 490
1815;491 (Directed) 492
1816;491 (Directed) 493
1817;492 (Directed) 493
1818;492 (Directed) 491
1819;492 (Directed) 490
1820;492 (Directed) 489
1821;493 (Directed) 489
1822;493 (Directed) 490
1823;493 (Directed) 491
1824;493 (Directed) 492
1825;492 (Directed) 494
1826;492 (Directed) 495
1827;492 (Directed) 496
1828;492 (Directed) 497
1829;492 (Directed) 498
1830;400 (Directed) 494
1831;400 (Directed) 495
1832;400 (Directed) 496
1833;400 (Directed) 497
1834;400 (Directed) 498
1835;494 (Directed) 495
1836;494 (Directed) 496
1837;494 (Directed) 497
1838;494 (Directed) 498
1839;495 (Directed) 498
1840;495 (Directed) 497
1841;495 (Directed) 496
1842;495 (Directed) 494
1843;496 (Directed) 494
1844;496 (Directed) 495
1845;496 (Directed) 497
1846;496 (Directed) 498
1847;497 (Directed) 498
1848;497 (Directed) 496
1849;497 (Directed) 495
1850;497 (Directed) 494
1851;498 (Directed) 494
1852;498 (Directed) 495
1853;498 (Directed) 496
1854;498 (Directed) 497
1855;203 (Directed) 499
1856;497 (Directed) 499
1857;492 (Directed) 499
1858;309 (Directed) 500
1859;309 (Directed) 501
1860;199 (Directed) 237
1861;171 (Directed) 502
1862;279 (Directed) 503
1863;503 (Directed) 504
1864;368 (Directed) 504
1865;505 (Directed) 506
1866;183 (Directed) 505
1867;310 (Directed) 507
1868;63 (Directed) 507
1869;155 (Directed) 508
1870;507 (Directed) 508
1871;197 (Directed) 509
1872;155 (Directed) 509
1873;486 (Directed) 510
1875;487 (Directed) 18
1876;487 (Directed) 63
1877;487 (Directed) 246
1878;487 (Directed) 65
1879;487 (Directed) 258
1880;487 (Directed) 155
1881;487 (Directed) 66
1882;487 (Directed) 365
1883;487 (Directed) 328
1884;487 (Directed) 310
1885;487 (Directed) 456
1886;487 (Directed) 509
1887;487 (Directed) 21
1888;487 (Directed) 414
1889;487 (Directed) 37
1890;487 (Directed) 322
1891;511 (Directed) 512
1892;487 (Directed) 288
1893;487 (Directed) 289
1894;487 (Directed) 17
1895;487 (Directed) 511
1898;514 (Directed) 515
1899;514 (Directed) 515
1900;513 (Directed) 516
1901;516 (Directed) 517
1902;197 (Directed) 518
1903;322 (Directed) 519
1904;494 (Directed) 519
1905;519 (Directed) 520
1906;525 (Directed) 528
1907;528 (Directed) 523
1908;523 (Directed) 526
1909;526 (Directed) 504
1910;504 (Directed) 529
1911;529 (Directed) 524
1912;524 (Directed) 521
1913;521 (Directed) 527
1914;527 (Directed) 522
1915;522 (Directed) 517
1916;510 (Directed) 530
1917;530 (Directed) 531
1918;531 (Directed) 532
1919;532 (Directed) 533
1920;531 (Directed) 533
1921;400 (Directed) 534
1922;400 (Directed) 535
1923;400 (Directed) 536
1924;400 (Directed) 537
1925;400 (Directed) 538
1926;534 (Directed) 538
1927;534 (Directed) 537
1928;534 (Directed) 536
1929;534 (Directed) 535
1930;535 (Directed) 534
1931;535 (Directed) 536
1932;535 (Directed) 537
1933;535 (Directed) 538
1934;536 (Directed) 538
1935;536 (Directed) 537
1936;536 (Directed) 535
1937;536 (Directed) 534
1938;537 (Directed) 534
1939;537 (Directed) 535
1940;537 (Directed) 536
1941;537 (Directed) 538
1942;538 (Directed) 537
1943;538 (Directed) 536
1944;538 (Directed) 535
1945;538 (Directed) 534
1946;532 (Directed) 534
1947;532 (Directed) 535
1948;532 (Directed) 536
1949;532 (Directed) 537
1950;532 (Directed) 538
1951;199 (Directed) 295
1952;295 (Directed) 539
1953;470 (Directed) 540
1954;309 (Directed) 513
1955;309 (Directed) 514
1956;309 (Directed) 541
1957;309 (Directed) 542
1958;542 (Directed) 515
1959;541 (Directed) 543
1960;543 (Directed) 69
1961;69 (Directed) 544
1962;322 (Directed) 511
1963;511 (Directed) 545
1964;269 (Directed) 546
1965;546 (Directed) 545
1966;37 (Directed) 547
1967;547 (Directed) 548
1968;483 (Directed) 549
1969;549 (Directed) 550
1970;309 (Directed) 551
1971;310 (Directed) 552
1972;552 (Directed) 553
1973;173 (Directed) 554
1974;555 (Directed) 157
1975;555 (Directed) 21
1976;555 (Directed) 22
1977;555 (Directed) 23
1978;555 (Directed) 24
1979;555 (Directed) 25
1980;21 (Directed) 555
1981;260 (Directed) 556
1982;556 (Directed) 557
1983;530 (Directed) 558
1984;203 (Directed) 559
1985;558 (Directed) 559
1986;456 (Directed) 560
1987;560 (Directed) 561
1988;561 (Directed) 562
1989;562 (Directed) 563
1990;563 (Directed) 564
1991;564 (Directed) 565
1992;565 (Directed) 566
1993;566 (Directed) 560
1994;560 (Directed) 567
1995;567 (Directed) 559
1996;568 (Directed) 328
1997;328 (Directed) 569
1998;570 (Directed) 571
1999;473 (Directed) 572
2000;480 (Directed) 573
2001;397 (Directed) 574
2002;559 (Directed) 575
2003;550 (Directed) 576
2004;554 (Directed) 577
2005;48 (Directed) 578
2006;157 (Directed) 579
2007;229 (Directed) 580
2008;370 (Directed) 581
2009;328 (Directed) 573
2010;328 (Directed) 574
2011;328 (Directed) 575
2012;328 (Directed) 576
2013;328 (Directed) 577
2014;328 (Directed) 578
2015;328 (Directed) 579
2016;328 (Directed) 580
2017;328 (Directed) 581
2018;183 (Directed) 582
2019;138 (Directed) 583
2020;416 (Directed) 583
2021;583 (Directed) 584
2022;14 (Directed) 585
2023;252 (Directed) 585
2024;511 (Directed) 586
2025;339 (Directed) 587
2026;339 (Directed) 588
2027;339 (Directed) 589
2028;589 (Directed) 586
2029;309 (Directed) 591
2030;570 (Directed) 592
2031;558 (Directed) 570
2032;309 (Directed) 593
2033;413 (Directed) 594
2034;594 (Directed) 595
2035;595 (Directed) 596
2036;596 (Directed) 597
2037;597 (Directed) 598
2038;18 (Directed) 599
2039;599 (Directed) 600
2040;599 (Directed) 601
2041;601 (Directed) 600
2042;600 (Directed) 602
2043;602 (Directed) 603
2044;603 (Directed) 604
2045;199 (Directed) 605
2046;605 (Directed) 606
2047;606 (Directed) 607
2048;607 (Directed) 608
2049;608 (Directed) 609
2050;609 (Directed) 610
2051;610 (Directed) 611
2052;611 (Directed) 612
2053;612 (Directed) 613
2054;613 (Directed) 614
2055;615 (Directed) 616
2056;135 (Directed) 615
2057;309 (Directed) 617
2058;400 (Directed) 618
2059;487 (Directed) 587
2060;487 (Directed) 589
2061;487 (Directed) 616
2062;487 (Directed) 619
2063;615 (Directed) 620
2064;618 (Directed) 615
2065;619 (Directed) 615
2066;37 (Directed) 621
2067;414 (Directed) 622
2068;65 (Directed) 623
2069;368 (Directed) 624
2070;66 (Directed) 625
2071;63 (Directed) 626
2072;621 (Directed) 626
2073;621 (Directed) 625
2074;621 (Directed) 624
2075;621 (Directed) 623
2076;621 (Directed) 622
2077;622 (Directed) 621
2078;622 (Directed) 623
2079;622 (Directed) 624
2080;622 (Directed) 625
2081;622 (Directed) 626
2082;623 (Directed) 626
2083;623 (Directed) 624
2084;623 (Directed) 625
2085;623 (Directed) 622
2086;623 (Directed) 621
2087;624 (Directed) 621
2088;624 (Directed) 622
2089;624 (Directed) 623
2091;624 (Directed) 625
2092;624 (Directed) 626
2093;625 (Directed) 626
2094;625 (Directed) 624
2095;625 (Directed) 623
2096;625 (Directed) 622
2097;625 (Directed) 621
2098;626 (Directed) 621
2099;626 (Directed) 622
2100;626 (Directed) 623
2101;626 (Directed) 624
2102;626 (Directed) 625
2103;627 (Directed) 628
2104;628 (Directed) 627
2105;627 (Directed) 630
2106;630 (Directed) 627
2107;630 (Directed) 628
2108;37 (Directed) 627
2109;21 (Directed) 627
2110;414 (Directed) 627
2111;11 (Directed) 627
2112;592 (Directed) 631
